﻿<?xml version="1.0" encoding="utf-8" ?>

<configuration>

	<configSections>

		<section name="log4net"

		type="log4net.Config.Log4NetConfigurationSectionHandler,log4net"/>

	</configSections>

	<!--站点日志配置部分-->

	<log4net>

		<root>

			<!--控制级别，由低到高: ALL|DEBUG|INFO|WARN|ERROR|FATAL|OFF-->

			<!--比如定义级别为INFO，则INFO级别向下的级别，比如DEBUG日志将不会被记录-->

			<!--如果没有定义LEVEL的值，则缺省为DEBUG-->

			<level value="ALL"/>

			<appender-ref ref="RollingFileAppender_Day"/>

		</root>

		<!--按天写日志-->

		<appender name="RollingFileAppender_Day" type="log4net.Appender.RollingFileAppender">

			<file value="logs\" />

			<appendToFile value="true" />

			<rollingStyle value="Date" />

			<staticLogFileName value="false" />

			<datePattern value="yyyyMMdd" />

			<layout type="log4net.Layout.PatternLayout">

				<conversionPattern value="%date [%thread] %-5level %logger [%property{NDC}] - %message%newline" />

			</layout>

		</appender>

	</log4net>

</configuration>